1,EB-4F-C7-99-81-81,light-2,1713837251,1713888541
2,EB-4F-C7-99-81-81,light-2,1713863010,1713881967
3,EB-4F-C7-99-81-81,light-2,1713888812,1713974217
4,1F-90-7A-7E-40-85,tv,1713844923,1713900895
5,1F-90-7A-7E-40-85,tv,1713834049,1713899215
6,1F-90-7A-7E-40-85,tv,1713874841,1713931735
7,1F-90-7A-7E-40-85,tv,1713895434,1713928686
8,DF-18-3B-D8-BE-B7,fan-1,1713849392,1713861536
9,EB-4F-C7-99-81-81,light-2,1713903118,1713935495
10,1F-90-7A-7E-40-85,tv,1713904547,1713980841
11,1F-90-7A-7E-40-85,tv,1713832613,1713840675
12,D4-93-C2-ED-5D-D5,light-1,1713881318,1713928906
13,1F-90-7A-7E-40-85,tv,1713858289,1713864900
14,1F-90-7A-7E-40-85,tv,1713902571,1713913536
15,EB-4F-C7-99-81-81,light-2,1713840680,1713886528
16,1F-90-7A-7E-40-85,tv,1713843883,1713905452
17,DF-18-3B-D8-BE-B7,fan-1,1713908897,1713925717
18,DF-18-3B-D8-BE-B7,fan-1,1713905102,1713968161
19,D4-93-C2-ED-5D-D5,light-1,1713875693,1713947413
20,EB-4F-C7-99-81-81,light-2,1713866175,1713918729
21,D4-93-C2-ED-5D-D5,light-1,1713888352,1713909094
22,D4-93-C2-ED-5D-D5,light-1,1713913273,1713991483
23,DF-18-3B-D8-BE-B7,fan-1,1713856605,1713863598
24,D4-93-C2-ED-5D-D5,light-1,1713859595,1713886778
25,DF-18-3B-D8-BE-B7,fan-1,1713890181,1713929737
26,D4-93-C2-ED-5D-D5,light-1,1713872026,1713922206
27,D4-93-C2-ED-5D-D5,light-1,1713898268,1713965344
28,1F-90-7A-7E-40-85,tv,1713845227,1713907428
29,1F-90-7A-7E-40-85,tv,1713883344,1713911067
30,D4-93-C2-ED-5D-D5,light-1,1713911482,1713991537
31,DF-18-3B-D8-BE-B7,fan-1,1713915188,1713959393
32,DF-18-3B-D8-BE-B7,fan-1,1713867250,1713906641
33,DF-18-3B-D8-BE-B7,fan-1,1713854727,1713904898
34,1F-90-7A-7E-40-85,tv,1713892065,1713945125
35,1F-90-7A-7E-40-85,tv,1713876260,1713929375
36,EB-4F-C7-99-81-81,light-2,1713842162,1713887143
37,EB-4F-C7-99-81-81,light-2,1713877960,1713936421
38,EB-4F-C7-99-81-81,light-2,1713851535,1713862654
39,EB-4F-C7-99-81-81,light-2,1713915355,1713990903
40,D4-93-C2-ED-5D-D5,light-1,1713850915,1713901659
41,1F-90-7A-7E-40-85,tv,1713878410,1713922447
42,D4-93-C2-ED-5D-D5,light-1,1713850807,1713921455
43,D4-93-C2-ED-5D-D5,light-1,1713867243,1713952780
44,1F-90-7A-7E-40-85,tv,1713865209,1713886484
45,EB-4F-C7-99-81-81,light-2,1713892445,1713967629
46,DF-18-3B-D8-BE-B7,fan-1,1713864305,1713935493
47,DF-18-3B-D8-BE-B7,fan-1,1713868942,1713897873
48,DF-18-3B-D8-BE-B7,fan-1,1713867629,1713950891
49,DF-18-3B-D8-BE-B7,fan-1,1713831529,1713862518
50,1F-90-7A-7E-40-85,tv,1713853735,1713866375
51,1F-90-7A-7E-40-85,tv,1713913551,1713975119
52,D4-93-C2-ED-5D-D5,light-1,1713882611,1713961287
53,D4-93-C2-ED-5D-D5,light-1,1713905233,1713972884
54,DF-18-3B-D8-BE-B7,fan-1,1713892595,1713951381
55,D4-93-C2-ED-5D-D5,light-1,1713901440,1713918542
56,1F-90-7A-7E-40-85,tv,1713913494,1713954667
57,DF-18-3B-D8-BE-B7,fan-1,1713864948,1713909519
58,1F-90-7A-7E-40-85,tv,1713916709,1713964216
59,1F-90-7A-7E-40-85,tv,1713866181,1713884154
60,D4-93-C2-ED-5D-D5,light-1,1713881148,1713957680
61,1F-90-7A-7E-40-85,tv,1713893533,1713946669
62,EB-4F-C7-99-81-81,light-2,1713891065,1713953166
63,EB-4F-C7-99-81-81,light-2,1713897288,1713917933
64,1F-90-7A-7E-40-85,tv,1713833526,1713859750
65,EB-4F-C7-99-81-81,light-2,1713851808,1713922223
66,D4-93-C2-ED-5D-D5,light-1,1713909986,1713925943
67,EB-4F-C7-99-81-81,light-2,1713889116,1713944542
68,1F-90-7A-7E-40-85,tv,1713906954,1713954690
69,EB-4F-C7-99-81-81,light-2,1713853961,1713893506
70,1F-90-7A-7E-40-85,tv,1713838214,1713843244
71,DF-18-3B-D8-BE-B7,fan-1,1713878559,1713949528
72,D4-93-C2-ED-5D-D5,light-1,1713835908,1713912836
73,EB-4F-C7-99-81-81,light-2,1713863013,1713899549
74,DF-18-3B-D8-BE-B7,fan-1,1713872207,1713897621
75,DF-18-3B-D8-BE-B7,fan-1,1713900046,1713975712
76,EB-4F-C7-99-81-81,light-2,1713884399,1713957272
77,EB-4F-C7-99-81-81,light-2,1713905746,1713979670
78,D4-93-C2-ED-5D-D5,light-1,1713870151,1713952880
79,1F-90-7A-7E-40-85,tv,1713848471,1713889805
80,D4-93-C2-ED-5D-D5,light-1,1713883366,1713964217
81,D4-93-C2-ED-5D-D5,light-1,1713841003,1713916379
82,D4-93-C2-ED-5D-D5,light-1,1713847787,1713853242
83,DF-18-3B-D8-BE-B7,fan-1,1713874842,1713925066
84,EB-4F-C7-99-81-81,light-2,1713881928,1713894670
85,DF-18-3B-D8-BE-B7,fan-1,1713859450,1713894518
86,EB-4F-C7-99-81-81,light-2,1713859672,1713887603
87,DF-18-3B-D8-BE-B7,fan-1,1713889880,1713970397
88,1F-90-7A-7E-40-85,tv,1713895207,1713960003
89,D4-93-C2-ED-5D-D5,light-1,1713914054,1713931558
90,D4-93-C2-ED-5D-D5,light-1,1713913623,1713937579
91,D4-93-C2-ED-5D-D5,light-1,1713903106,1713924069
92,1F-90-7A-7E-40-85,tv,1713889044,1713907221
93,DF-18-3B-D8-BE-B7,fan-1,1713846210,1713856375
94,1F-90-7A-7E-40-85,tv,1713901137,1713915998
95,1F-90-7A-7E-40-85,tv,1713909495,1713963974
96,EB-4F-C7-99-81-81,light-2,1713887801,1713926387
97,D4-93-C2-ED-5D-D5,light-1,1713871824,1713918153
98,D4-93-C2-ED-5D-D5,light-1,1713833804,1713869187
99,D4-93-C2-ED-5D-D5,light-1,1713910421,1713926681
100,1F-90-7A-7E-40-85,tv,1713905253,1713964471
101,1F-90-7A-7E-40-85,tv,1713913647,1713960069
102,DF-18-3B-D8-BE-B7,fan-1,1713902469,1713985938
103,EB-4F-C7-99-81-81,light-2,1713908023,1713939278
104,1F-90-7A-7E-40-85,tv,1713861637,1713947573
105,D4-93-C2-ED-5D-D5,light-1,1713879931,1713907354
106,DF-18-3B-D8-BE-B7,fan-1,1713876233,1713962279
107,DF-18-3B-D8-BE-B7,fan-1,1713912401,1713976553
108,1F-90-7A-7E-40-85,tv,1713852224,1713926764
109,EB-4F-C7-99-81-81,light-2,1713841282,1713902451
110,EB-4F-C7-99-81-81,light-2,1713888620,1713903315
111,D4-93-C2-ED-5D-D5,light-1,1713886638,1713954548
112,1F-90-7A-7E-40-85,tv,1713881122,1713926909
113,DF-18-3B-D8-BE-B7,fan-1,1713833232,1713852867
114,1F-90-7A-7E-40-85,tv,1713845141,1713883721
115,1F-90-7A-7E-40-85,tv,1713841855,1713849581
116,DF-18-3B-D8-BE-B7,fan-1,1713907569,1713937482
117,DF-18-3B-D8-BE-B7,fan-1,1713864298,1713930851
118,1F-90-7A-7E-40-85,tv,1713875559,1713921574
119,EB-4F-C7-99-81-81,light-2,1713908364,1713966765
120,1F-90-7A-7E-40-85,tv,1713899956,1713962106
121,1F-90-7A-7E-40-85,tv,1713850214,1713923039
122,D4-93-C2-ED-5D-D5,light-1,1713833075,1713850478
123,D4-93-C2-ED-5D-D5,light-1,1713890384,1713945164
124,EB-4F-C7-99-81-81,light-2,1713915390,1713947912
125,DF-18-3B-D8-BE-B7,fan-1,1713831914,1713850677
126,EB-4F-C7-99-81-81,light-2,1713882021,1713939196
127,EB-4F-C7-99-81-81,light-2,1713882628,1713903346
128,D4-93-C2-ED-5D-D5,light-1,1713912407,1713962153
129,1F-90-7A-7E-40-85,tv,1713869637,1713891981
130,1F-90-7A-7E-40-85,tv,1713856808,1713938250
131,D4-93-C2-ED-5D-D5,light-1,1713832714,1713913988
132,1F-90-7A-7E-40-85,tv,1713886150,1713921151
133,EB-4F-C7-99-81-81,light-2,1713838970,1713857559
134,D4-93-C2-ED-5D-D5,light-1,1713873562,1713913562
135,D4-93-C2-ED-5D-D5,light-1,1713867149,1713939270
136,D4-93-C2-ED-5D-D5,light-1,1713844547,1713859382
137,D4-93-C2-ED-5D-D5,light-1,1713861065,1713947271
138,D4-93-C2-ED-5D-D5,light-1,1713869395,1713912807
139,DF-18-3B-D8-BE-B7,fan-1,1713909326,1713943968
140,DF-18-3B-D8-BE-B7,fan-1,1713906184,1713919457
141,1F-90-7A-7E-40-85,tv,1713835229,1713909528
142,DF-18-3B-D8-BE-B7,fan-1,1713911889,1713992306
143,1F-90-7A-7E-40-85,tv,1713840390,1713884404
144,D4-93-C2-ED-5D-D5,light-1,1713867639,1713879484
145,DF-18-3B-D8-BE-B7,fan-1,1713872107,1713886883
146,DF-18-3B-D8-BE-B7,fan-1,1713853233,1713864100
147,EB-4F-C7-99-81-81,light-2,1713846500,1713868312
148,DF-18-3B-D8-BE-B7,fan-1,1713841872,1713847307
149,DF-18-3B-D8-BE-B7,fan-1,1713850219,1713898123
150,EB-4F-C7-99-81-81,light-2,1713899572,1713931886
151,EB-4F-C7-99-81-81,light-2,1713896383,1713923861
152,D4-93-C2-ED-5D-D5,light-1,1713838783,1713870770
153,EB-4F-C7-99-81-81,light-2,1713905490,1713946858
154,EB-4F-C7-99-81-81,light-2,1713912619,1713933880
155,D4-93-C2-ED-5D-D5,light-1,1713876198,1713883973
156,D4-93-C2-ED-5D-D5,light-1,1713883297,1713915337
157,D4-93-C2-ED-5D-D5,light-1,1713839424,1713847543
158,EB-4F-C7-99-81-81,light-2,1713834750,1713884486
159,D4-93-C2-ED-5D-D5,light-1,1713835671,1713914376
160,EB-4F-C7-99-81-81,light-2,1713884785,1713969416
161,D4-93-C2-ED-5D-D5,light-1,1713901195,1713926984
162,DF-18-3B-D8-BE-B7,fan-1,1713905057,1713912982
163,EB-4F-C7-99-81-81,light-2,1713916564,1713962941
164,DF-18-3B-D8-BE-B7,fan-1,1713891127,1713931006
165,D4-93-C2-ED-5D-D5,light-1,1713883404,1713951859
166,D4-93-C2-ED-5D-D5,light-1,1713894240,1713944126
167,1F-90-7A-7E-40-85,tv,1713834806,1713896236
168,EB-4F-C7-99-81-81,light-2,1713862997,1713891419
169,EB-4F-C7-99-81-81,light-2,1713894626,1713955346
170,DF-18-3B-D8-BE-B7,fan-1,1713880087,1713957755
171,DF-18-3B-D8-BE-B7,fan-1,1713901744,1713978496
172,EB-4F-C7-99-81-81,light-2,1713914501,1713945180
173,EB-4F-C7-99-81-81,light-2,1713841843,1713853094
174,DF-18-3B-D8-BE-B7,fan-1,1713896014,1713918708
175,D4-93-C2-ED-5D-D5,light-1,1713832045,1713856599
176,DF-18-3B-D8-BE-B7,fan-1,1713836746,1713885304
177,D4-93-C2-ED-5D-D5,light-1,1713856783,1713873369
178,1F-90-7A-7E-40-85,tv,1713841039,1713892105
179,DF-18-3B-D8-BE-B7,fan-1,1713874826,1713900170
180,DF-18-3B-D8-BE-B7,fan-1,1713870739,1713914580
181,EB-4F-C7-99-81-81,light-2,1713889171,1713934325
182,1F-90-7A-7E-40-85,tv,1713859829,1713913618
183,1F-90-7A-7E-40-85,tv,1713859757,1713884388
184,DF-18-3B-D8-BE-B7,fan-1,1713861280,1713920824
185,1F-90-7A-7E-40-85,tv,1713862671,1713890318
186,D4-93-C2-ED-5D-D5,light-1,1713909507,1713959436
187,1F-90-7A-7E-40-85,tv,1713867444,1713926691
188,DF-18-3B-D8-BE-B7,fan-1,1713835569,1713850428
189,DF-18-3B-D8-BE-B7,fan-1,1713889371,1713904825
190,DF-18-3B-D8-BE-B7,fan-1,1713886881,1713961280
191,D4-93-C2-ED-5D-D5,light-1,1713905493,1713911016
192,1F-90-7A-7E-40-85,tv,1713894137,1713939549
193,D4-93-C2-ED-5D-D5,light-1,1713908822,1713944170
194,D4-93-C2-ED-5D-D5,light-1,1713882435,1713912034
195,DF-18-3B-D8-BE-B7,fan-1,1713853999,1713911453
196,D4-93-C2-ED-5D-D5,light-1,1713844544,1713905185
197,DF-18-3B-D8-BE-B7,fan-1,1713902980,1713930815
198,1F-90-7A-7E-40-85,tv,1713847192,1713881163
199,DF-18-3B-D8-BE-B7,fan-1,1713850059,1713860520
200,1F-90-7A-7E-40-85,tv,1713846832,1713905912
201,1F-90-7A-7E-40-85,tv,1713856218,1713875841
202,EB-4F-C7-99-81-81,light-2,1713886596,1713940966
203,D4-93-C2-ED-5D-D5,light-1,1713905241,1713990301
204,1F-90-7A-7E-40-85,tv,1713863746,1713920323
205,D4-93-C2-ED-5D-D5,light-1,1713889599,1713936000
206,1F-90-7A-7E-40-85,tv,1713854440,1713904576
207,DF-18-3B-D8-BE-B7,fan-1,1713874713,1713898110
208,D4-93-C2-ED-5D-D5,light-1,1713861204,1713878617
209,D4-93-C2-ED-5D-D5,light-1,1713858630,1713885961
210,EB-4F-C7-99-81-81,light-2,1713838849,1713873181
211,EB-4F-C7-99-81-81,light-2,1713881560,1713954046
212,EB-4F-C7-99-81-81,light-2,1713857537,1713896882
213,1F-90-7A-7E-40-85,tv,1713869935,1713951860
214,D4-93-C2-ED-5D-D5,light-1,1713907082,1713937549
215,DF-18-3B-D8-BE-B7,fan-1,1713911961,1713955360
216,1F-90-7A-7E-40-85,tv,1713916414,1713958328
217,D4-93-C2-ED-5D-D5,light-1,1713896061,1713922382
218,EB-4F-C7-99-81-81,light-2,1713896786,1713982104
219,1F-90-7A-7E-40-85,tv,1713840080,1713901085
220,1F-90-7A-7E-40-85,tv,1713869833,1713900810
221,DF-18-3B-D8-BE-B7,fan-1,1713883301,1713969267
222,1F-90-7A-7E-40-85,tv,1713867705,1713885069
223,EB-4F-C7-99-81-81,light-2,1713913526,1713942716
224,DF-18-3B-D8-BE-B7,fan-1,1713875869,1713884549
225,EB-4F-C7-99-81-81,light-2,1713864921,1713917715
226,1F-90-7A-7E-40-85,tv,1713907774,1713971671
227,DF-18-3B-D8-BE-B7,fan-1,1713887511,1713953612
228,EB-4F-C7-99-81-81,light-2,1713897730,1713950005
229,D4-93-C2-ED-5D-D5,light-1,1713835710,1713917301
230,EB-4F-C7-99-81-81,light-2,1713840605,1713896000
231,DF-18-3B-D8-BE-B7,fan-1,1713832431,1713849329
232,D4-93-C2-ED-5D-D5,light-1,1713890619,1713964087
233,D4-93-C2-ED-5D-D5,light-1,1713847469,1713854982
234,1F-90-7A-7E-40-85,tv,1713881190,1713906730
235,1F-90-7A-7E-40-85,tv,1713832886,1713908270
236,D4-93-C2-ED-5D-D5,light-1,1713883616,1713945489
237,1F-90-7A-7E-40-85,tv,1713901829,1713950452
238,EB-4F-C7-99-81-81,light-2,1713856414,1713942529
239,1F-90-7A-7E-40-85,tv,1713839218,1713859874
240,1F-90-7A-7E-40-85,tv,1713914161,1713960561
241,1F-90-7A-7E-40-85,tv,1713846120,1713905646
242,EB-4F-C7-99-81-81,light-2,1713889912,1713944094
243,EB-4F-C7-99-81-81,light-2,1713906796,1713992321
244,D4-93-C2-ED-5D-D5,light-1,1713869782,1713918723
245,D4-93-C2-ED-5D-D5,light-1,1713904929,1713946872
246,DF-18-3B-D8-BE-B7,fan-1,1713848666,1713897285
247,D4-93-C2-ED-5D-D5,light-1,1713889830,1713971627
248,EB-4F-C7-99-81-81,light-2,1713908993,1713977858
249,DF-18-3B-D8-BE-B7,fan-1,1713882404,1713899193
250,1F-90-7A-7E-40-85,tv,1713883165,1713921686
251,D4-93-C2-ED-5D-D5,light-1,1713900447,1713952780
252,1F-90-7A-7E-40-85,tv,1713873450,1713917962
253,1F-90-7A-7E-40-85,tv,1713855100,1713932025
254,D4-93-C2-ED-5D-D5,light-1,1713842886,1713886985
255,1F-90-7A-7E-40-85,tv,1713850184,1713901197
256,1F-90-7A-7E-40-85,tv,1713837104,1713912448
257,1F-90-7A-7E-40-85,tv,1713871785,1713877735
258,DF-18-3B-D8-BE-B7,fan-1,1713881738,1713887690
259,DF-18-3B-D8-BE-B7,fan-1,1713875019,1713926259
260,EB-4F-C7-99-81-81,light-2,1713854892,1713895405
261,DF-18-3B-D8-BE-B7,fan-1,1713911946,1713969050
262,1F-90-7A-7E-40-85,tv,1713883705,1713969373
263,DF-18-3B-D8-BE-B7,fan-1,1713881618,1713892165
264,D4-93-C2-ED-5D-D5,light-1,1713876799,1713953749
265,DF-18-3B-D8-BE-B7,fan-1,1713850172,1713925316
266,D4-93-C2-ED-5D-D5,light-1,1713908759,1713916593
267,EB-4F-C7-99-81-81,light-2,1713892852,1713935532
268,1F-90-7A-7E-40-85,tv,1713837858,1713878690
269,DF-18-3B-D8-BE-B7,fan-1,1713842057,1713921147
270,EB-4F-C7-99-81-81,light-2,1713886295,1713960004
271,DF-18-3B-D8-BE-B7,fan-1,1713870714,1713927237
272,1F-90-7A-7E-40-85,tv,1713833482,1713870061
273,EB-4F-C7-99-81-81,light-2,1713898924,1713942000
274,D4-93-C2-ED-5D-D5,light-1,1713865266,1713900066
275,1F-90-7A-7E-40-85,tv,1713898125,1713942938
276,DF-18-3B-D8-BE-B7,fan-1,1713835659,1713908002
277,D4-93-C2-ED-5D-D5,light-1,1713849544,1713932195
278,D4-93-C2-ED-5D-D5,light-1,1713846296,1713900707
279,1F-90-7A-7E-40-85,tv,1713888082,1713963971
280,1F-90-7A-7E-40-85,tv,1713845309,1713858624
281,EB-4F-C7-99-81-81,light-2,1713892760,1713970098
282,EB-4F-C7-99-81-81,light-2,1713854093,1713861509
283,D4-93-C2-ED-5D-D5,light-1,1713882173,1713949262
284,1F-90-7A-7E-40-85,tv,1713831350,1713862583
285,1F-90-7A-7E-40-85,tv,1713841047,1713894598
286,EB-4F-C7-99-81-81,light-2,1713841409,1713865511
287,EB-4F-C7-99-81-81,light-2,1713843196,1713883741
288,DF-18-3B-D8-BE-B7,fan-1,1713865983,1713906919
289,DF-18-3B-D8-BE-B7,fan-1,1713896721,1713933979
290,1F-90-7A-7E-40-85,tv,1713878064,1713906311
291,EB-4F-C7-99-81-81,light-2,1713854917,1713925095
292,D4-93-C2-ED-5D-D5,light-1,1713879637,1713956318
293,EB-4F-C7-99-81-81,light-2,1713916633,1713959006
294,1F-90-7A-7E-40-85,tv,1713841794,1713878087
295,DF-18-3B-D8-BE-B7,fan-1,1713910472,1713952454
296,EB-4F-C7-99-81-81,light-2,1713898459,1713971646
297,EB-4F-C7-99-81-81,light-2,1713836909,1713845793
298,D4-93-C2-ED-5D-D5,light-1,1713906850,1713918249
299,DF-18-3B-D8-BE-B7,fan-1,1713853778,1713902442
300,DF-18-3B-D8-BE-B7,fan-1,1713861291,1713919020
301,DF-18-3B-D8-BE-B7,fan-1,1713832456,1713849478
302,D4-93-C2-ED-5D-D5,light-1,1713852412,1713909801
303,D4-93-C2-ED-5D-D5,light-1,1713908559,1713921443
304,DF-18-3B-D8-BE-B7,fan-1,1713874880,1713916557
305,DF-18-3B-D8-BE-B7,fan-1,1713848746,1713914056
306,DF-18-3B-D8-BE-B7,fan-1,1713867286,1713906078
307,EB-4F-C7-99-81-81,light-2,1713894360,1713944027
308,EB-4F-C7-99-81-81,light-2,1713912180,1713929875
309,EB-4F-C7-99-81-81,light-2,1713872503,1713911556
310,EB-4F-C7-99-81-81,light-2,1713860163,1713887822
311,EB-4F-C7-99-81-81,light-2,1713855116,1713886278
312,EB-4F-C7-99-81-81,light-2,1713848266,1713878229
313,1F-90-7A-7E-40-85,tv,1713877201,1713925488
314,DF-18-3B-D8-BE-B7,fan-1,1713911416,1713940780
315,1F-90-7A-7E-40-85,tv,1713878924,1713953954
316,EB-4F-C7-99-81-81,light-2,1713844575,1713870047
317,DF-18-3B-D8-BE-B7,fan-1,1713858745,1713890239
318,DF-18-3B-D8-BE-B7,fan-1,1713841510,1713900922
319,DF-18-3B-D8-BE-B7,fan-1,1713907159,1713925989
320,1F-90-7A-7E-40-85,tv,1713861251,1713871747
321,DF-18-3B-D8-BE-B7,fan-1,1713855140,1713914928
322,D4-93-C2-ED-5D-D5,light-1,1713863427,1713912130
323,1F-90-7A-7E-40-85,tv,1713889293,1713900799
324,DF-18-3B-D8-BE-B7,fan-1,1713833473,1713866732
325,D4-93-C2-ED-5D-D5,light-1,1713879213,1713923008
326,EB-4F-C7-99-81-81,light-2,1713870600,1713877571
327,DF-18-3B-D8-BE-B7,fan-1,1713854907,1713904047
328,EB-4F-C7-99-81-81,light-2,1713900761,1713935380
329,1F-90-7A-7E-40-85,tv,1713911706,1713977770
330,DF-18-3B-D8-BE-B7,fan-1,1713913169,1713938100
331,DF-18-3B-D8-BE-B7,fan-1,1713872712,1713914355
332,EB-4F-C7-99-81-81,light-2,1713874997,1713955067
333,EB-4F-C7-99-81-81,light-2,1713838823,1713851691
334,DF-18-3B-D8-BE-B7,fan-1,1713883873,1713943379
335,EB-4F-C7-99-81-81,light-2,1713841270,1713870183
336,1F-90-7A-7E-40-85,tv,1713846898,1713888108
337,D4-93-C2-ED-5D-D5,light-1,1713886137,1713893361
338,1F-90-7A-7E-40-85,tv,1713867920,1713895415
339,1F-90-7A-7E-40-85,tv,1713899341,1713983181
340,D4-93-C2-ED-5D-D5,light-1,1713906756,1713988765
341,EB-4F-C7-99-81-81,light-2,1713890449,1713924029
342,1F-90-7A-7E-40-85,tv,1713854704,1713890873
343,D4-93-C2-ED-5D-D5,light-1,1713856711,1713935575
344,D4-93-C2-ED-5D-D5,light-1,1713869957,1713879005
345,DF-18-3B-D8-BE-B7,fan-1,1713888749,1713942589
346,1F-90-7A-7E-40-85,tv,1713890508,1713900887
347,1F-90-7A-7E-40-85,tv,1713881965,1713900304
348,EB-4F-C7-99-81-81,light-2,1713900142,1713924339
349,DF-18-3B-D8-BE-B7,fan-1,1713879564,1713952400
350,EB-4F-C7-99-81-81,light-2,1713839905,1713898223
351,DF-18-3B-D8-BE-B7,fan-1,1713845850,1713881875
352,1F-90-7A-7E-40-85,tv,1713890472,1713933917
353,1F-90-7A-7E-40-85,tv,1713863814,1713891184
354,1F-90-7A-7E-40-85,tv,1713866405,1713919409
355,D4-93-C2-ED-5D-D5,light-1,1713859495,1713875940
356,EB-4F-C7-99-81-81,light-2,1713835561,1713886793
357,D4-93-C2-ED-5D-D5,light-1,1713877132,1713894935
358,D4-93-C2-ED-5D-D5,light-1,1713871675,1713877391
359,1F-90-7A-7E-40-85,tv,1713848997,1713856300
360,DF-18-3B-D8-BE-B7,fan-1,1713882812,1713922552
361,1F-90-7A-7E-40-85,tv,1713909077,1713943013
362,DF-18-3B-D8-BE-B7,fan-1,1713914234,1713991794
363,1F-90-7A-7E-40-85,tv,1713869241,1713895808
364,EB-4F-C7-99-81-81,light-2,1713899904,1713926261
365,EB-4F-C7-99-81-81,light-2,1713845433,1713897150
366,D4-93-C2-ED-5D-D5,light-1,1713916385,1713982644
367,1F-90-7A-7E-40-85,tv,1713855893,1713892875
368,EB-4F-C7-99-81-81,light-2,1713849731,1713918500
369,DF-18-3B-D8-BE-B7,fan-1,1713865907,1713890306
370,1F-90-7A-7E-40-85,tv,1713893636,1713911086
371,EB-4F-C7-99-81-81,light-2,1713879620,1713899897
372,1F-90-7A-7E-40-85,tv,1713883602,1713944107
373,DF-18-3B-D8-BE-B7,fan-1,1713871636,1713915233
374,DF-18-3B-D8-BE-B7,fan-1,1713898765,1713983837
375,1F-90-7A-7E-40-85,tv,1713841509,1713921146
376,DF-18-3B-D8-BE-B7,fan-1,1713866002,1713926841
377,EB-4F-C7-99-81-81,light-2,1713903546,1713971167
378,EB-4F-C7-99-81-81,light-2,1713885298,1713894226
379,D4-93-C2-ED-5D-D5,light-1,1713885363,1713945842
380,EB-4F-C7-99-81-81,light-2,1713862575,1713922619
381,1F-90-7A-7E-40-85,tv,1713843905,1713884050
382,DF-18-3B-D8-BE-B7,fan-1,1713839906,1713866382
383,D4-93-C2-ED-5D-D5,light-1,1713836828,1713895655
384,1F-90-7A-7E-40-85,tv,1713862114,1713883278
385,DF-18-3B-D8-BE-B7,fan-1,1713896756,1713959591
386,1F-90-7A-7E-40-85,tv,1713882218,1713957176
387,DF-18-3B-D8-BE-B7,fan-1,1713836909,1713890121
388,EB-4F-C7-99-81-81,light-2,1713871790,1713922933
389,DF-18-3B-D8-BE-B7,fan-1,1713846359,1713865608
390,EB-4F-C7-99-81-81,light-2,1713859202,1713941579
391,EB-4F-C7-99-81-81,light-2,1713877413,1713898059
392,D4-93-C2-ED-5D-D5,light-1,1713908443,1713982241
393,D4-93-C2-ED-5D-D5,light-1,1713843790,1713879001
394,EB-4F-C7-99-81-81,light-2,1713908220,1713977170
395,D4-93-C2-ED-5D-D5,light-1,1713865965,1713903900
396,D4-93-C2-ED-5D-D5,light-1,1713831048,1713909237
397,EB-4F-C7-99-81-81,light-2,1713863824,1713908079
398,DF-18-3B-D8-BE-B7,fan-1,1713887125,1713951021
399,1F-90-7A-7E-40-85,tv,1713872481,1713936119
400,1F-90-7A-7E-40-85,tv,1713872845,1713953762
401,EB-4F-C7-99-81-81,light-2,1713845523,1713879706
402,D4-93-C2-ED-5D-D5,light-1,1713903751,1713957244
403,EB-4F-C7-99-81-81,light-2,1713848253,1713902425
404,1F-90-7A-7E-40-85,tv,1713910068,1713973109
405,1F-90-7A-7E-40-85,tv,1713853413,1713895722
406,1F-90-7A-7E-40-85,tv,1713851847,1713887168
407,DF-18-3B-D8-BE-B7,fan-1,1713864934,1713875319
408,DF-18-3B-D8-BE-B7,fan-1,1713846848,1713889927
409,DF-18-3B-D8-BE-B7,fan-1,1713874808,1713918697
410,EB-4F-C7-99-81-81,light-2,1713867742,1713895731
411,1F-90-7A-7E-40-85,tv,1713853596,1713863233
412,EB-4F-C7-99-81-81,light-2,1713849702,1713868064
413,EB-4F-C7-99-81-81,light-2,1713880409,1713908679
414,D4-93-C2-ED-5D-D5,light-1,1713839496,1713894699
415,DF-18-3B-D8-BE-B7,fan-1,1713854031,1713896453
416,DF-18-3B-D8-BE-B7,fan-1,1713840646,1713919513
417,DF-18-3B-D8-BE-B7,fan-1,1713901137,1713952336
418,DF-18-3B-D8-BE-B7,fan-1,1713907351,1713929624
419,EB-4F-C7-99-81-81,light-2,1713867461,1713874348
420,1F-90-7A-7E-40-85,tv,1713897066,1713959761
421,1F-90-7A-7E-40-85,tv,1713873323,1713887658
422,DF-18-3B-D8-BE-B7,fan-1,1713902693,1713950927
423,D4-93-C2-ED-5D-D5,light-1,1713865216,1713914215
424,D4-93-C2-ED-5D-D5,light-1,1713864592,1713887720
425,DF-18-3B-D8-BE-B7,fan-1,1713884648,1713964151
426,1F-90-7A-7E-40-85,tv,1713879259,1713916757
427,EB-4F-C7-99-81-81,light-2,1713901064,1713971736
428,EB-4F-C7-99-81-81,light-2,1713871038,1713880594
429,DF-18-3B-D8-BE-B7,fan-1,1713916175,1713999917
430,DF-18-3B-D8-BE-B7,fan-1,1713887191,1713894691
431,D4-93-C2-ED-5D-D5,light-1,1713912957,1713958295
432,1F-90-7A-7E-40-85,tv,1713866759,1713938667
433,1F-90-7A-7E-40-85,tv,1713913369,1713985061
434,1F-90-7A-7E-40-85,tv,1713878432,1713908555
435,1F-90-7A-7E-40-85,tv,1713833440,1713871807
436,D4-93-C2-ED-5D-D5,light-1,1713916549,1713944161
437,1F-90-7A-7E-40-85,tv,1713861268,1713888340
438,D4-93-C2-ED-5D-D5,light-1,1713898472,1713946611
439,D4-93-C2-ED-5D-D5,light-1,1713843146,1713868636
440,DF-18-3B-D8-BE-B7,fan-1,1713887962,1713923514
441,1F-90-7A-7E-40-85,tv,1713899314,1713959453
442,DF-18-3B-D8-BE-B7,fan-1,1713899264,1713943239
443,D4-93-C2-ED-5D-D5,light-1,1713912500,1713927946
444,1F-90-7A-7E-40-85,tv,1713846264,1713871122
445,1F-90-7A-7E-40-85,tv,1713896198,1713911979
446,EB-4F-C7-99-81-81,light-2,1713905959,1713916388
447,EB-4F-C7-99-81-81,light-2,1713911126,1713970322
448,DF-18-3B-D8-BE-B7,fan-1,1713904573,1713953391
449,D4-93-C2-ED-5D-D5,light-1,1713888456,1713931560
450,1F-90-7A-7E-40-85,tv,1713835752,1713909782
451,EB-4F-C7-99-81-81,light-2,1713853140,1713868505
452,1F-90-7A-7E-40-85,tv,1713846448,1713925710
453,D4-93-C2-ED-5D-D5,light-1,1713854189,1713940369
454,1F-90-7A-7E-40-85,tv,1713873877,1713881999
455,EB-4F-C7-99-81-81,light-2,1713875322,1713953164
456,D4-93-C2-ED-5D-D5,light-1,1713904503,1713964554
457,1F-90-7A-7E-40-85,tv,1713836939,1713878631
458,EB-4F-C7-99-81-81,light-2,1713860638,1713936138
459,DF-18-3B-D8-BE-B7,fan-1,1713838227,1713854624
460,1F-90-7A-7E-40-85,tv,1713915944,1713982042
461,EB-4F-C7-99-81-81,light-2,1713853363,1713879472
462,EB-4F-C7-99-81-81,light-2,1713880109,1713933722
463,D4-93-C2-ED-5D-D5,light-1,1713845236,1713905736
464,1F-90-7A-7E-40-85,tv,1713870993,1713956997
465,EB-4F-C7-99-81-81,light-2,1713881563,1713891856
466,1F-90-7A-7E-40-85,tv,1713906138,1713943063
467,EB-4F-C7-99-81-81,light-2,1713845827,1713879346
468,DF-18-3B-D8-BE-B7,fan-1,1713848723,1713878315
469,DF-18-3B-D8-BE-B7,fan-1,1713862693,1713918884
470,D4-93-C2-ED-5D-D5,light-1,1713911044,1713942075
471,EB-4F-C7-99-81-81,light-2,1713908065,1713957731
472,1F-90-7A-7E-40-85,tv,1713903139,1713986214
473,EB-4F-C7-99-81-81,light-2,1713854664,1713907583
474,1F-90-7A-7E-40-85,tv,1713866725,1713952628
475,1F-90-7A-7E-40-85,tv,1713879145,1713950921
476,DF-18-3B-D8-BE-B7,fan-1,1713912733,1713919583
477,EB-4F-C7-99-81-81,light-2,1713906013,1713941240
478,D4-93-C2-ED-5D-D5,light-1,1713846983,1713898748
479,1F-90-7A-7E-40-85,tv,1713859301,1713915719
480,1F-90-7A-7E-40-85,tv,1713836492,1713852106
481,DF-18-3B-D8-BE-B7,fan-1,1713856930,1713870831
482,D4-93-C2-ED-5D-D5,light-1,1713860617,1713889411
483,D4-93-C2-ED-5D-D5,light-1,1713911814,1713983563
484,EB-4F-C7-99-81-81,light-2,1713880949,1713917666
485,D4-93-C2-ED-5D-D5,light-1,1713903169,1713965558
486,DF-18-3B-D8-BE-B7,fan-1,1713903593,1713963991
487,EB-4F-C7-99-81-81,light-2,1713910708,1713958343
488,1F-90-7A-7E-40-85,tv,1713916397,1713953137
489,EB-4F-C7-99-81-81,light-2,1713904677,1713953819
490,D4-93-C2-ED-5D-D5,light-1,1713881692,1713933125
491,DF-18-3B-D8-BE-B7,fan-1,1713900065,1713955339
492,EB-4F-C7-99-81-81,light-2,1713887990,1713955310
493,DF-18-3B-D8-BE-B7,fan-1,1713880918,1713890239
494,EB-4F-C7-99-81-81,light-2,1713880031,1713885183
495,D4-93-C2-ED-5D-D5,light-1,1713832954,1713894070
496,DF-18-3B-D8-BE-B7,fan-1,1713879956,1713921114
497,D4-93-C2-ED-5D-D5,light-1,1713886275,1713963469
498,DF-18-3B-D8-BE-B7,fan-1,1713847749,1713931929
499,1F-90-7A-7E-40-85,tv,1713830688,1713872758
500,1F-90-7A-7E-40-85,tv,1713914997,1713924580
501,D4-93-C2-ED-5D-D5,light-1,1713832623,1713894356
502,EB-4F-C7-99-81-81,light-2,1713888646,1713949390
503,1F-90-7A-7E-40-85,tv,1713894131,1713976697
504,DF-18-3B-D8-BE-B7,fan-1,1713885307,1713916074
505,D4-93-C2-ED-5D-D5,light-1,1713853508,1713908768
506,EB-4F-C7-99-81-81,light-2,1713898079,1713959167
507,DF-18-3B-D8-BE-B7,fan-1,1713874632,1713926135
508,1F-90-7A-7E-40-85,tv,1713895861,1713940733
509,DF-18-3B-D8-BE-B7,fan-1,1713886637,1713947361
510,DF-18-3B-D8-BE-B7,fan-1,1713847218,1713895613
511,EB-4F-C7-99-81-81,light-2,1713857065,1713897879
512,DF-18-3B-D8-BE-B7,fan-1,1713896637,1713922900
513,1F-90-7A-7E-40-85,tv,1713891712,1713968801
514,DF-18-3B-D8-BE-B7,fan-1,1713907120,1713927828
515,1F-90-7A-7E-40-85,tv,1713838995,1713893763
516,DF-18-3B-D8-BE-B7,fan-1,1713867394,1713901567
517,D4-93-C2-ED-5D-D5,light-1,1713884146,1713946619
518,DF-18-3B-D8-BE-B7,fan-1,1713865332,1713948904
519,1F-90-7A-7E-40-85,tv,1713894678,1713903633
520,1F-90-7A-7E-40-85,tv,1713908818,1713940642
521,EB-4F-C7-99-81-81,light-2,1713872041,1713879962
522,DF-18-3B-D8-BE-B7,fan-1,1713914324,1713951306
523,EB-4F-C7-99-81-81,light-2,1713867678,1713919429
524,D4-93-C2-ED-5D-D5,light-1,1713875531,1713957724
525,D4-93-C2-ED-5D-D5,light-1,1713874616,1713959593
526,1F-90-7A-7E-40-85,tv,1713867149,1713888827
527,1F-90-7A-7E-40-85,tv,1713911877,1713980044
528,DF-18-3B-D8-BE-B7,fan-1,1713877372,1713928662
529,DF-18-3B-D8-BE-B7,fan-1,1713880152,1713886493
530,EB-4F-C7-99-81-81,light-2,1713862934,1713893978
531,D4-93-C2-ED-5D-D5,light-1,1713890180,1713908288
532,EB-4F-C7-99-81-81,light-2,1713852134,1713868814
533,DF-18-3B-D8-BE-B7,fan-1,1713863656,1713890783
534,D4-93-C2-ED-5D-D5,light-1,1713908594,1713940994
535,D4-93-C2-ED-5D-D5,light-1,1713861026,1713918351
536,D4-93-C2-ED-5D-D5,light-1,1713876435,1713950966
537,EB-4F-C7-99-81-81,light-2,1713851049,1713865594
538,1F-90-7A-7E-40-85,tv,1713913584,1713978382
539,1F-90-7A-7E-40-85,tv,1713838307,1713847358
540,EB-4F-C7-99-81-81,light-2,1713885075,1713925694
541,EB-4F-C7-99-81-81,light-2,1713851809,1713877831
542,EB-4F-C7-99-81-81,light-2,1713856705,1713895480
543,1F-90-7A-7E-40-85,tv,1713889002,1713923481
544,D4-93-C2-ED-5D-D5,light-1,1713841585,1713856047
545,DF-18-3B-D8-BE-B7,fan-1,1713884202,1713890099
546,1F-90-7A-7E-40-85,tv,1713914154,1713948383
547,1F-90-7A-7E-40-85,tv,1713849530,1713871563
548,D4-93-C2-ED-5D-D5,light-1,1713861061,1713942441
549,EB-4F-C7-99-81-81,light-2,1713857907,1713925763
550,1F-90-7A-7E-40-85,tv,1713873703,1713933408
551,EB-4F-C7-99-81-81,light-2,1713853757,1713916027
552,EB-4F-C7-99-81-81,light-2,1713844114,1713895382
553,EB-4F-C7-99-81-81,light-2,1713896478,1713910924
554,EB-4F-C7-99-81-81,light-2,1713846851,1713861062
555,DF-18-3B-D8-BE-B7,fan-1,1713891594,1713901053
556,DF-18-3B-D8-BE-B7,fan-1,1713892665,1713917079
557,EB-4F-C7-99-81-81,light-2,1713896392,1713901415
558,EB-4F-C7-99-81-81,light-2,1713878617,1713909351
559,EB-4F-C7-99-81-81,light-2,1713879483,1713934517
560,D4-93-C2-ED-5D-D5,light-1,1713854948,1713860520
561,EB-4F-C7-99-81-81,light-2,1713871061,1713900424
562,EB-4F-C7-99-81-81,light-2,1713830993,1713903257
563,EB-4F-C7-99-81-81,light-2,1713900657,1713958025
564,1F-90-7A-7E-40-85,tv,1713850369,1713859012
565,DF-18-3B-D8-BE-B7,fan-1,1713903914,1713977658
566,DF-18-3B-D8-BE-B7,fan-1,1713885810,1713894268
567,EB-4F-C7-99-81-81,light-2,1713890788,1713915698
568,1F-90-7A-7E-40-85,tv,1713851203,1713906071
569,DF-18-3B-D8-BE-B7,fan-1,1713875446,1713890850
570,1F-90-7A-7E-40-85,tv,1713834575,1713886875
571,D4-93-C2-ED-5D-D5,light-1,1713857628,1713901225
572,1F-90-7A-7E-40-85,tv,1713900717,1713972106
573,EB-4F-C7-99-81-81,light-2,1713835279,1713898084
574,1F-90-7A-7E-40-85,tv,1713838447,1713875708
575,D4-93-C2-ED-5D-D5,light-1,1713872371,1713946825
576,D4-93-C2-ED-5D-D5,light-1,1713904260,1713970913
577,1F-90-7A-7E-40-85,tv,1713862606,1713893183
578,1F-90-7A-7E-40-85,tv,1713848596,1713915481
579,1F-90-7A-7E-40-85,tv,1713864511,1713882156
580,EB-4F-C7-99-81-81,light-2,1713889528,1713918513
581,1F-90-7A-7E-40-85,tv,1713897934,1713914813
582,D4-93-C2-ED-5D-D5,light-1,1713833442,1713902617
583,DF-18-3B-D8-BE-B7,fan-1,1713889316,1713911962
584,1F-90-7A-7E-40-85,tv,1713837742,1713897728
585,EB-4F-C7-99-81-81,light-2,1713882715,1713962491
586,DF-18-3B-D8-BE-B7,fan-1,1713851687,1713914043
587,DF-18-3B-D8-BE-B7,fan-1,1713844728,1713893257
588,D4-93-C2-ED-5D-D5,light-1,1713846655,1713890952
589,D4-93-C2-ED-5D-D5,light-1,1713864765,1713942313
590,EB-4F-C7-99-81-81,light-2,1713910074,1713974335
591,EB-4F-C7-99-81-81,light-2,1713839168,1713872943
592,D4-93-C2-ED-5D-D5,light-1,1713857077,1713893997
593,DF-18-3B-D8-BE-B7,fan-1,1713855297,1713878718
594,DF-18-3B-D8-BE-B7,fan-1,1713863790,1713909090
595,EB-4F-C7-99-81-81,light-2,1713903262,1713974661
596,EB-4F-C7-99-81-81,light-2,1713899585,1713976896
597,D4-93-C2-ED-5D-D5,light-1,1713860410,1713920115
598,DF-18-3B-D8-BE-B7,fan-1,1713830708,1713844918
599,D4-93-C2-ED-5D-D5,light-1,1713891430,1713925294
600,1F-90-7A-7E-40-85,tv,1713857976,1713925441
601,D4-93-C2-ED-5D-D5,light-1,1713872919,1713899973
602,1F-90-7A-7E-40-85,tv,1713862273,1713922654
603,EB-4F-C7-99-81-81,light-2,1713892477,1713923358
604,1F-90-7A-7E-40-85,tv,1713834236,1713899344
605,DF-18-3B-D8-BE-B7,fan-1,1713832416,1713890988
606,DF-18-3B-D8-BE-B7,fan-1,1713872040,1713889410
607,EB-4F-C7-99-81-81,light-2,1713837755,1713857283
608,EB-4F-C7-99-81-81,light-2,1713896767,1713945971
609,1F-90-7A-7E-40-85,tv,1713844316,1713895981
610,EB-4F-C7-99-81-81,light-2,1713902541,1713939907
611,DF-18-3B-D8-BE-B7,fan-1,1713902890,1713929315
612,1F-90-7A-7E-40-85,tv,1713849792,1713906753
613,EB-4F-C7-99-81-81,light-2,1713915605,1713977862
614,D4-93-C2-ED-5D-D5,light-1,1713883449,1713893665
615,EB-4F-C7-99-81-81,light-2,1713831015,1713899071
616,D4-93-C2-ED-5D-D5,light-1,1713849917,1713904636
617,1F-90-7A-7E-40-85,tv,1713859047,1713888123
618,EB-4F-C7-99-81-81,light-2,1713884092,1713941217
619,EB-4F-C7-99-81-81,light-2,1713866231,1713951421
620,DF-18-3B-D8-BE-B7,fan-1,1713904236,1713975905
621,1F-90-7A-7E-40-85,tv,1713862808,1713924759
622,DF-18-3B-D8-BE-B7,fan-1,1713900365,1713947188
623,1F-90-7A-7E-40-85,tv,1713886618,1713963218
624,DF-18-3B-D8-BE-B7,fan-1,1713914483,1713928725
625,DF-18-3B-D8-BE-B7,fan-1,1713901664,1713921242
626,1F-90-7A-7E-40-85,tv,1713886694,1713908562
627,DF-18-3B-D8-BE-B7,fan-1,1713885135,1713967829
628,EB-4F-C7-99-81-81,light-2,1713892097,1713923541
629,D4-93-C2-ED-5D-D5,light-1,1713900038,1713974065
630,DF-18-3B-D8-BE-B7,fan-1,1713883109,1713965394
631,D4-93-C2-ED-5D-D5,light-1,1713850612,1713868424
632,1F-90-7A-7E-40-85,tv,1713841244,1713867163
633,DF-18-3B-D8-BE-B7,fan-1,1713858267,1713877354
634,D4-93-C2-ED-5D-D5,light-1,1713849291,1713859746
635,EB-4F-C7-99-81-81,light-2,1713893471,1713934759
636,EB-4F-C7-99-81-81,light-2,1713892892,1713955868
637,D4-93-C2-ED-5D-D5,light-1,1713837082,1713865295
638,D4-93-C2-ED-5D-D5,light-1,1713895255,1713941122
639,DF-18-3B-D8-BE-B7,fan-1,1713902414,1713934754
640,D4-93-C2-ED-5D-D5,light-1,1713871395,1713881508
641,EB-4F-C7-99-81-81,light-2,1713906838,1713931032
642,D4-93-C2-ED-5D-D5,light-1,1713855194,1713932022
643,1F-90-7A-7E-40-85,tv,1713837532,1713896397
644,DF-18-3B-D8-BE-B7,fan-1,1713837364,1713876809
645,1F-90-7A-7E-40-85,tv,1713842460,1713891648
646,EB-4F-C7-99-81-81,light-2,1713883298,1713958359
647,DF-18-3B-D8-BE-B7,fan-1,1713884974,1713909372
648,1F-90-7A-7E-40-85,tv,1713891148,1713948433
649,DF-18-3B-D8-BE-B7,fan-1,1713873038,1713908146
650,1F-90-7A-7E-40-85,tv,1713847901,1713857640
651,1F-90-7A-7E-40-85,tv,1713846026,1713909230
652,1F-90-7A-7E-40-85,tv,1713905131,1713990767
653,EB-4F-C7-99-81-81,light-2,1713915714,1713936875
654,1F-90-7A-7E-40-85,tv,1713838915,1713912223
655,D4-93-C2-ED-5D-D5,light-1,1713856711,1713927704
656,1F-90-7A-7E-40-85,tv,1713844416,1713863429
657,EB-4F-C7-99-81-81,light-2,1713905002,1713989800
658,D4-93-C2-ED-5D-D5,light-1,1713855839,1713890085
659,D4-93-C2-ED-5D-D5,light-1,1713849306,1713869726
660,1F-90-7A-7E-40-85,tv,1713856447,1713905124
661,EB-4F-C7-99-81-81,light-2,1713904279,1713922704
662,DF-18-3B-D8-BE-B7,fan-1,1713835139,1713844687
663,1F-90-7A-7E-40-85,tv,1713875868,1713923542
664,EB-4F-C7-99-81-81,light-2,1713840905,1713902212
665,1F-90-7A-7E-40-85,tv,1713909985,1713972969
666,DF-18-3B-D8-BE-B7,fan-1,1713901167,1713940409
667,DF-18-3B-D8-BE-B7,fan-1,1713858893,1713932419
668,EB-4F-C7-99-81-81,light-2,1713854990,1713903738
669,EB-4F-C7-99-81-81,light-2,1713907308,1713990298
670,D4-93-C2-ED-5D-D5,light-1,1713835812,1713893452
671,1F-90-7A-7E-40-85,tv,1713847159,1713904647
672,D4-93-C2-ED-5D-D5,light-1,1713905829,1713956494
673,D4-93-C2-ED-5D-D5,light-1,1713903714,1713923080
674,1F-90-7A-7E-40-85,tv,1713895375,1713978501
675,D4-93-C2-ED-5D-D5,light-1,1713865462,1713880826
676,D4-93-C2-ED-5D-D5,light-1,1713837887,1713905056
677,DF-18-3B-D8-BE-B7,fan-1,1713849937,1713858689
678,1F-90-7A-7E-40-85,tv,1713884825,1713916828
679,EB-4F-C7-99-81-81,light-2,1713837619,1713914402
680,1F-90-7A-7E-40-85,tv,1713900354,1713915543
681,DF-18-3B-D8-BE-B7,fan-1,1713837992,1713897072
682,1F-90-7A-7E-40-85,tv,1713872966,1713904180
683,DF-18-3B-D8-BE-B7,fan-1,1713878349,1713944245
684,1F-90-7A-7E-40-85,tv,1713835267,1713896689
685,EB-4F-C7-99-81-81,light-2,1713854133,1713875592
686,1F-90-7A-7E-40-85,tv,1713913305,1713927090
687,1F-90-7A-7E-40-85,tv,1713862618,1713899816
688,1F-90-7A-7E-40-85,tv,1713911776,1713941470
689,1F-90-7A-7E-40-85,tv,1713862491,1713936527
690,1F-90-7A-7E-40-85,tv,1713908555,1713954437
691,1F-90-7A-7E-40-85,tv,1713883307,1713937528
692,EB-4F-C7-99-81-81,light-2,1713867917,1713876294
693,D4-93-C2-ED-5D-D5,light-1,1713833430,1713918311
694,D4-93-C2-ED-5D-D5,light-1,1713850778,1713909009
695,1F-90-7A-7E-40-85,tv,1713872569,1713925267
696,D4-93-C2-ED-5D-D5,light-1,1713916105,1713966962
697,DF-18-3B-D8-BE-B7,fan-1,1713862036,1713895306
698,1F-90-7A-7E-40-85,tv,1713849388,1713904320
699,1F-90-7A-7E-40-85,tv,1713873592,1713944530
700,D4-93-C2-ED-5D-D5,light-1,1713868084,1713912937
701,EB-4F-C7-99-81-81,light-2,1713859325,1713899314
702,1F-90-7A-7E-40-85,tv,1713896177,1713936780
703,DF-18-3B-D8-BE-B7,fan-1,1713886259,1713956955
704,1F-90-7A-7E-40-85,tv,1713878226,1713961633
705,EB-4F-C7-99-81-81,light-2,1713877296,1713886020
706,EB-4F-C7-99-81-81,light-2,1713857403,1713935238
707,D4-93-C2-ED-5D-D5,light-1,1713916531,1713931185
708,EB-4F-C7-99-81-81,light-2,1713843105,1713928484
709,1F-90-7A-7E-40-85,tv,1713866320,1713892028
710,1F-90-7A-7E-40-85,tv,1713832760,1713894792
711,1F-90-7A-7E-40-85,tv,1713898666,1713958553
712,EB-4F-C7-99-81-81,light-2,1713879594,1713940044
713,DF-18-3B-D8-BE-B7,fan-1,1713833195,1713842065
714,DF-18-3B-D8-BE-B7,fan-1,1713870175,1713937894
715,DF-18-3B-D8-BE-B7,fan-1,1713860318,1713902015
716,DF-18-3B-D8-BE-B7,fan-1,1713835311,1713905279
717,EB-4F-C7-99-81-81,light-2,1713900533,1713906478
718,DF-18-3B-D8-BE-B7,fan-1,1713849013,1713895827
719,EB-4F-C7-99-81-81,light-2,1713866444,1713943505
720,DF-18-3B-D8-BE-B7,fan-1,1713905190,1713975931
721,1F-90-7A-7E-40-85,tv,1713883018,1713961365
722,DF-18-3B-D8-BE-B7,fan-1,1713842306,1713919309
723,1F-90-7A-7E-40-85,tv,1713915019,1713939184
724,DF-18-3B-D8-BE-B7,fan-1,1713866598,1713913026
725,D4-93-C2-ED-5D-D5,light-1,1713845129,1713870966
726,1F-90-7A-7E-40-85,tv,1713878680,1713922158
727,DF-18-3B-D8-BE-B7,fan-1,1713915684,1713955254
728,D4-93-C2-ED-5D-D5,light-1,1713894351,1713919982
729,DF-18-3B-D8-BE-B7,fan-1,1713881065,1713893292
730,EB-4F-C7-99-81-81,light-2,1713848933,1713854954
731,1F-90-7A-7E-40-85,tv,1713903491,1713970804
732,D4-93-C2-ED-5D-D5,light-1,1713855877,1713895551
733,EB-4F-C7-99-81-81,light-2,1713880938,1713925221
734,D4-93-C2-ED-5D-D5,light-1,1713831269,1713847385
735,EB-4F-C7-99-81-81,light-2,1713864356,1713932142
736,EB-4F-C7-99-81-81,light-2,1713845276,1713888690
737,EB-4F-C7-99-81-81,light-2,1713914433,1713980979
738,D4-93-C2-ED-5D-D5,light-1,1713913808,1713957051
739,D4-93-C2-ED-5D-D5,light-1,1713880600,1713916463
740,EB-4F-C7-99-81-81,light-2,1713897401,1713912301
741,EB-4F-C7-99-81-81,light-2,1713916721,1713992258
742,1F-90-7A-7E-40-85,tv,1713893714,1713965678
743,EB-4F-C7-99-81-81,light-2,1713869030,1713900308
744,D4-93-C2-ED-5D-D5,light-1,1713839005,1713867779
745,DF-18-3B-D8-BE-B7,fan-1,1713909024,1713918390
746,DF-18-3B-D8-BE-B7,fan-1,1713846127,1713858264
747,EB-4F-C7-99-81-81,light-2,1713874751,1713922522
748,EB-4F-C7-99-81-81,light-2,1713891921,1713925262
749,1F-90-7A-7E-40-85,tv,1713850484,1713877872
750,1F-90-7A-7E-40-85,tv,1713852551,1713868804
751,EB-4F-C7-99-81-81,light-2,1713890517,1713976105
752,DF-18-3B-D8-BE-B7,fan-1,1713852297,1713911347
753,EB-4F-C7-99-81-81,light-2,1713844653,1713899864
754,D4-93-C2-ED-5D-D5,light-1,1713868008,1713928226
755,D4-93-C2-ED-5D-D5,light-1,1713860033,1713869248
756,1F-90-7A-7E-40-85,tv,1713861288,1713937221
757,DF-18-3B-D8-BE-B7,fan-1,1713879293,1713934219
758,D4-93-C2-ED-5D-D5,light-1,1713845183,1713890030
759,1F-90-7A-7E-40-85,tv,1713892156,1713918315
760,DF-18-3B-D8-BE-B7,fan-1,1713907390,1713930863
761,1F-90-7A-7E-40-85,tv,1713848196,1713890008
762,DF-18-3B-D8-BE-B7,fan-1,1713833293,1713918042
763,EB-4F-C7-99-81-81,light-2,1713913062,1713998018
764,EB-4F-C7-99-81-81,light-2,1713837304,1713868257
765,EB-4F-C7-99-81-81,light-2,1713869384,1713905202
766,DF-18-3B-D8-BE-B7,fan-1,1713891950,1713951779
767,D4-93-C2-ED-5D-D5,light-1,1713863333,1713925232
768,EB-4F-C7-99-81-81,light-2,1713915635,1713998924
769,1F-90-7A-7E-40-85,tv,1713881256,1713919443
770,1F-90-7A-7E-40-85,tv,1713842451,1713862274
771,DF-18-3B-D8-BE-B7,fan-1,1713833985,1713872690
772,EB-4F-C7-99-81-81,light-2,1713889914,1713927892
773,D4-93-C2-ED-5D-D5,light-1,1713869564,1713911160
774,EB-4F-C7-99-81-81,light-2,1713886753,1713915266
775,1F-90-7A-7E-40-85,tv,1713884591,1713902097
776,DF-18-3B-D8-BE-B7,fan-1,1713901273,1713980077
777,1F-90-7A-7E-40-85,tv,1713867755,1713878080
778,D4-93-C2-ED-5D-D5,light-1,1713883973,1713927846
779,EB-4F-C7-99-81-81,light-2,1713908163,1713940765
780,EB-4F-C7-99-81-81,light-2,1713835372,1713882150
781,D4-93-C2-ED-5D-D5,light-1,1713869039,1713889941
782,EB-4F-C7-99-81-81,light-2,1713841781,1713886098
783,EB-4F-C7-99-81-81,light-2,1713852219,1713922394
784,DF-18-3B-D8-BE-B7,fan-1,1713907563,1713983847
785,1F-90-7A-7E-40-85,tv,1713859181,1713937204
786,DF-18-3B-D8-BE-B7,fan-1,1713848827,1713932436
787,DF-18-3B-D8-BE-B7,fan-1,1713897896,1713959795
788,EB-4F-C7-99-81-81,light-2,1713854216,1713861724
789,DF-18-3B-D8-BE-B7,fan-1,1713855632,1713888094
790,DF-18-3B-D8-BE-B7,fan-1,1713889976,1713974597
791,EB-4F-C7-99-81-81,light-2,1713830965,1713848574
792,1F-90-7A-7E-40-85,tv,1713897601,1713912161
793,1F-90-7A-7E-40-85,tv,1713845041,1713913667
794,1F-90-7A-7E-40-85,tv,1713869593,1713912998
795,EB-4F-C7-99-81-81,light-2,1713871080,1713918331
796,DF-18-3B-D8-BE-B7,fan-1,1713856522,1713873586
797,1F-90-7A-7E-40-85,tv,1713863604,1713930786
798,1F-90-7A-7E-40-85,tv,1713873465,1713941683
799,DF-18-3B-D8-BE-B7,fan-1,1713907302,1713923012
800,1F-90-7A-7E-40-85,tv,1713868698,1713950359
801,D4-93-C2-ED-5D-D5,light-1,1713895562,1713927057
802,DF-18-3B-D8-BE-B7,fan-1,1713879549,1713958042
803,EB-4F-C7-99-81-81,light-2,1713847130,1713864463
804,1F-90-7A-7E-40-85,tv,1713835933,1713911464
805,DF-18-3B-D8-BE-B7,fan-1,1713892269,1713965299
806,DF-18-3B-D8-BE-B7,fan-1,1713900894,1713952688
807,D4-93-C2-ED-5D-D5,light-1,1713865196,1713943911
808,DF-18-3B-D8-BE-B7,fan-1,1713893406,1713909390
809,EB-4F-C7-99-81-81,light-2,1713901830,1713961891
810,DF-18-3B-D8-BE-B7,fan-1,1713838004,1713914896
811,EB-4F-C7-99-81-81,light-2,1713856269,1713872781
812,DF-18-3B-D8-BE-B7,fan-1,1713893826,1713902769
813,EB-4F-C7-99-81-81,light-2,1713838373,1713846019
814,D4-93-C2-ED-5D-D5,light-1,1713912525,1713941466
815,DF-18-3B-D8-BE-B7,fan-1,1713848905,1713874871
816,D4-93-C2-ED-5D-D5,light-1,1713915812,1713975385
817,EB-4F-C7-99-81-81,light-2,1713842272,1713900856
818,D4-93-C2-ED-5D-D5,light-1,1713849658,1713873420
819,DF-18-3B-D8-BE-B7,fan-1,1713916580,1713951788
820,1F-90-7A-7E-40-85,tv,1713881138,1713913208
821,D4-93-C2-ED-5D-D5,light-1,1713868450,1713923722
822,DF-18-3B-D8-BE-B7,fan-1,1713847612,1713873483
823,1F-90-7A-7E-40-85,tv,1713849798,1713909154
824,EB-4F-C7-99-81-81,light-2,1713849707,1713927233
825,DF-18-3B-D8-BE-B7,fan-1,1713834163,1713843593
826,1F-90-7A-7E-40-85,tv,1713854325,1713902502
827,D4-93-C2-ED-5D-D5,light-1,1713873393,1713914641
828,EB-4F-C7-99-81-81,light-2,1713864725,1713896166
829,DF-18-3B-D8-BE-B7,fan-1,1713867427,1713950250
830,D4-93-C2-ED-5D-D5,light-1,1713865276,1713951065
831,DF-18-3B-D8-BE-B7,fan-1,1713881851,1713939379
832,D4-93-C2-ED-5D-D5,light-1,1713892905,1713947871
833,1F-90-7A-7E-40-85,tv,1713834192,1713858289
834,EB-4F-C7-99-81-81,light-2,1713911214,1713989424
835,1F-90-7A-7E-40-85,tv,1713900537,1713965721
836,DF-18-3B-D8-BE-B7,fan-1,1713913725,1713965821
837,D4-93-C2-ED-5D-D5,light-1,1713902922,1713923089
838,D4-93-C2-ED-5D-D5,light-1,1713871310,1713911837
839,1F-90-7A-7E-40-85,tv,1713869312,1713914273
840,DF-18-3B-D8-BE-B7,fan-1,1713864961,1713938265
841,D4-93-C2-ED-5D-D5,light-1,1713856810,1713866498
842,DF-18-3B-D8-BE-B7,fan-1,1713837817,1713856300
843,EB-4F-C7-99-81-81,light-2,1713878374,1713896973
844,DF-18-3B-D8-BE-B7,fan-1,1713840091,1713849992
845,DF-18-3B-D8-BE-B7,fan-1,1713864604,1713875058
846,DF-18-3B-D8-BE-B7,fan-1,1713837864,1713860794
847,1F-90-7A-7E-40-85,tv,1713911910,1713987496
848,D4-93-C2-ED-5D-D5,light-1,1713894873,1713964820
849,D4-93-C2-ED-5D-D5,light-1,1713886734,1713930714
850,1F-90-7A-7E-40-85,tv,1713894696,1713908801
851,DF-18-3B-D8-BE-B7,fan-1,1713911986,1713958288
852,D4-93-C2-ED-5D-D5,light-1,1713836952,1713923057
853,D4-93-C2-ED-5D-D5,light-1,1713891628,1713914257
854,DF-18-3B-D8-BE-B7,fan-1,1713834991,1713861736
855,EB-4F-C7-99-81-81,light-2,1713842852,1713900563
856,1F-90-7A-7E-40-85,tv,1713835399,1713843499
857,EB-4F-C7-99-81-81,light-2,1713887214,1713928683
858,EB-4F-C7-99-81-81,light-2,1713844016,1713890437
859,DF-18-3B-D8-BE-B7,fan-1,1713833013,1713918598
860,D4-93-C2-ED-5D-D5,light-1,1713845625,1713874096
861,EB-4F-C7-99-81-81,light-2,1713897629,1713926562
862,DF-18-3B-D8-BE-B7,fan-1,1713865863,1713900283
863,DF-18-3B-D8-BE-B7,fan-1,1713857514,1713931907
864,EB-4F-C7-99-81-81,light-2,1713839612,1713915094
865,DF-18-3B-D8-BE-B7,fan-1,1713846302,1713927825
866,1F-90-7A-7E-40-85,tv,1713861963,1713911090
867,EB-4F-C7-99-81-81,light-2,1713861784,1713869965
868,EB-4F-C7-99-81-81,light-2,1713858644,1713889474
869,DF-18-3B-D8-BE-B7,fan-1,1713858044,1713877040
870,1F-90-7A-7E-40-85,tv,1713855161,1713929348
871,1F-90-7A-7E-40-85,tv,1713849147,1713886378
872,DF-18-3B-D8-BE-B7,fan-1,1713898298,1713954293
873,DF-18-3B-D8-BE-B7,fan-1,1713852871,1713877575
874,EB-4F-C7-99-81-81,light-2,1713894768,1713952206
875,EB-4F-C7-99-81-81,light-2,1713896511,1713970899
876,EB-4F-C7-99-81-81,light-2,1713899925,1713959090
877,D4-93-C2-ED-5D-D5,light-1,1713861431,1713939422
878,D4-93-C2-ED-5D-D5,light-1,1713885057,1713905430
879,D4-93-C2-ED-5D-D5,light-1,1713881229,1713920075
880,EB-4F-C7-99-81-81,light-2,1713897305,1713969664
881,EB-4F-C7-99-81-81,light-2,1713865396,1713935673
882,EB-4F-C7-99-81-81,light-2,1713915553,1713947697
883,DF-18-3B-D8-BE-B7,fan-1,1713867444,1713923203
884,1F-90-7A-7E-40-85,tv,1713831522,1713904355
885,1F-90-7A-7E-40-85,tv,1713873451,1713926724
886,D4-93-C2-ED-5D-D5,light-1,1713859056,1713927736
887,DF-18-3B-D8-BE-B7,fan-1,1713861214,1713903618
888,EB-4F-C7-99-81-81,light-2,1713894737,1713900372
889,1F-90-7A-7E-40-85,tv,1713880550,1713945312
890,EB-4F-C7-99-81-81,light-2,1713851182,1713916823
891,EB-4F-C7-99-81-81,light-2,1713876144,1713882803
892,DF-18-3B-D8-BE-B7,fan-1,1713857388,1713923676
893,DF-18-3B-D8-BE-B7,fan-1,1713843803,1713874349
894,DF-18-3B-D8-BE-B7,fan-1,1713883041,1713901928
895,D4-93-C2-ED-5D-D5,light-1,1713856081,1713888917
896,EB-4F-C7-99-81-81,light-2,1713859972,1713895407
897,EB-4F-C7-99-81-81,light-2,1713893786,1713915850
898,EB-4F-C7-99-81-81,light-2,1713877312,1713924550
899,D4-93-C2-ED-5D-D5,light-1,1713913348,1713972182
900,1F-90-7A-7E-40-85,tv,1713842124,1713904473
901,DF-18-3B-D8-BE-B7,fan-1,1713871856,1713915420
902,1F-90-7A-7E-40-85,tv,1713906774,1713943826
903,DF-18-3B-D8-BE-B7,fan-1,1713914291,1713926538
904,EB-4F-C7-99-81-81,light-2,1713894759,1713922770
905,1F-90-7A-7E-40-85,tv,1713860057,1713910075
906,EB-4F-C7-99-81-81,light-2,1713907832,1713933651
907,DF-18-3B-D8-BE-B7,fan-1,1713867065,1713918505
908,EB-4F-C7-99-81-81,light-2,1713877963,1713930471
909,DF-18-3B-D8-BE-B7,fan-1,1713882845,1713955349
910,DF-18-3B-D8-BE-B7,fan-1,1713869234,1713921157
911,DF-18-3B-D8-BE-B7,fan-1,1713868739,1713877816
912,DF-18-3B-D8-BE-B7,fan-1,1713912541,1713938939
913,1F-90-7A-7E-40-85,tv,1713873929,1713901961
914,DF-18-3B-D8-BE-B7,fan-1,1713896183,1713978524
915,EB-4F-C7-99-81-81,light-2,1713911025,1713985151
916,EB-4F-C7-99-81-81,light-2,1713896616,1713971461
917,EB-4F-C7-99-81-81,light-2,1713836154,1713881024
918,1F-90-7A-7E-40-85,tv,1713877530,1713917395
919,DF-18-3B-D8-BE-B7,fan-1,1713832965,1713915071
920,EB-4F-C7-99-81-81,light-2,1713865350,1713908564
921,1F-90-7A-7E-40-85,tv,1713884836,1713950033
922,DF-18-3B-D8-BE-B7,fan-1,1713862577,1713917079
923,D4-93-C2-ED-5D-D5,light-1,1713870042,1713913064
924,DF-18-3B-D8-BE-B7,fan-1,1713868626,1713887835
925,EB-4F-C7-99-81-81,light-2,1713896146,1713915785
926,DF-18-3B-D8-BE-B7,fan-1,1713892413,1713943660
927,1F-90-7A-7E-40-85,tv,1713832391,1713899415
928,D4-93-C2-ED-5D-D5,light-1,1713879949,1713946723
929,1F-90-7A-7E-40-85,tv,1713871115,1713928976
930,EB-4F-C7-99-81-81,light-2,1713863973,1713912536
931,EB-4F-C7-99-81-81,light-2,1713885386,1713892424
932,DF-18-3B-D8-BE-B7,fan-1,1713833407,1713861918
933,1F-90-7A-7E-40-85,tv,1713847587,1713899523
934,EB-4F-C7-99-81-81,light-2,1713880199,1713923596
935,DF-18-3B-D8-BE-B7,fan-1,1713911733,1713969063
936,D4-93-C2-ED-5D-D5,light-1,1713903457,1713944972
937,EB-4F-C7-99-81-81,light-2,1713831985,1713913195
938,1F-90-7A-7E-40-85,tv,1713907835,1713925591
939,EB-4F-C7-99-81-81,light-2,1713842160,1713904427
940,D4-93-C2-ED-5D-D5,light-1,1713846492,1713911248
941,EB-4F-C7-99-81-81,light-2,1713900023,1713964479
942,1F-90-7A-7E-40-85,tv,1713867505,1713878231
943,1F-90-7A-7E-40-85,tv,1713910667,1713996993
944,DF-18-3B-D8-BE-B7,fan-1,1713844023,1713880707
945,1F-90-7A-7E-40-85,tv,1713915434,1713953736
946,1F-90-7A-7E-40-85,tv,1713906902,1713989996
947,1F-90-7A-7E-40-85,tv,1713888104,1713903229
948,D4-93-C2-ED-5D-D5,light-1,1713901611,1713987985
949,EB-4F-C7-99-81-81,light-2,1713895101,1713942034
950,1F-90-7A-7E-40-85,tv,1713874526,1713913646
951,EB-4F-C7-99-81-81,light-2,1713848483,1713928575
952,DF-18-3B-D8-BE-B7,fan-1,1713864040,1713876254
953,D4-93-C2-ED-5D-D5,light-1,1713907460,1713973958
954,EB-4F-C7-99-81-81,light-2,1713880469,1713909002
955,D4-93-C2-ED-5D-D5,light-1,1713911239,1713945010
956,1F-90-7A-7E-40-85,tv,1713840022,1713897939
957,D4-93-C2-ED-5D-D5,light-1,1713882576,1713913179
958,1F-90-7A-7E-40-85,tv,1713885508,1713923845
959,EB-4F-C7-99-81-81,light-2,1713909483,1713930197
960,1F-90-7A-7E-40-85,tv,1713887949,1713957471
961,D4-93-C2-ED-5D-D5,light-1,1713889217,1713912475
962,1F-90-7A-7E-40-85,tv,1713882945,1713953437
963,D4-93-C2-ED-5D-D5,light-1,1713864904,1713923827
964,D4-93-C2-ED-5D-D5,light-1,1713886637,1713912307
965,1F-90-7A-7E-40-85,tv,1713843499,1713912128
966,D4-93-C2-ED-5D-D5,light-1,1713911245,1713921770
967,DF-18-3B-D8-BE-B7,fan-1,1713864273,1713874186
968,1F-90-7A-7E-40-85,tv,1713875167,1713893011
969,DF-18-3B-D8-BE-B7,fan-1,1713875358,1713881046
970,1F-90-7A-7E-40-85,tv,1713844549,1713891053
971,DF-18-3B-D8-BE-B7,fan-1,1713850636,1713908451
972,EB-4F-C7-99-81-81,light-2,1713845463,1713913261
973,EB-4F-C7-99-81-81,light-2,1713844923,1713856156
974,DF-18-3B-D8-BE-B7,fan-1,1713862273,1713899135
975,1F-90-7A-7E-40-85,tv,1713895237,1713920291
976,1F-90-7A-7E-40-85,tv,1713840444,1713860350
977,EB-4F-C7-99-81-81,light-2,1713863666,1713942899
978,D4-93-C2-ED-5D-D5,light-1,1713908578,1713966106
979,EB-4F-C7-99-81-81,light-2,1713892728,1713943672
980,1F-90-7A-7E-40-85,tv,1713852376,1713924296
981,1F-90-7A-7E-40-85,tv,1713909089,1713919385
982,D4-93-C2-ED-5D-D5,light-1,1713913513,1713989968
983,DF-18-3B-D8-BE-B7,fan-1,1713863956,1713885423
984,D4-93-C2-ED-5D-D5,light-1,1713916288,1713927678
985,DF-18-3B-D8-BE-B7,fan-1,1713883843,1713892479
986,1F-90-7A-7E-40-85,tv,1713891295,1713937949
987,1F-90-7A-7E-40-85,tv,1713892986,1713955638
988,DF-18-3B-D8-BE-B7,fan-1,1713842005,1713897987
989,1F-90-7A-7E-40-85,tv,1713913221,1713983372
990,1F-90-7A-7E-40-85,tv,1713843818,1713914116
991,D4-93-C2-ED-5D-D5,light-1,1713863969,1713902920
992,1F-90-7A-7E-40-85,tv,1713884805,1713894443
993,DF-18-3B-D8-BE-B7,fan-1,1713840701,1713873717
994,1F-90-7A-7E-40-85,tv,1713904816,1713983709
995,EB-4F-C7-99-81-81,light-2,1713845768,1713899986
996,EB-4F-C7-99-81-81,light-2,1713842832,1713908171
997,D4-93-C2-ED-5D-D5,light-1,1713839564,1713864399
998,EB-4F-C7-99-81-81,light-2,1713894237,1713948620
999,D4-93-C2-ED-5D-D5,light-1,1713856478,1713900323
1000,1F-90-7A-7E-40-85,tv,1713854771,1713865703